id;pesid;data_inversa;dia_semana;horario;uf;br;km;municipio;causa_principal;causa_acidente;ordem_tipo_acidente;tipo_acidente;classificacao_acidente;fase_dia;sentido_via;condicao_metereologica;tipo_pista;tracado_via;uso_solo;id_veiculo;tipo_veiculo;marca;ano_fabricacao_veiculo;tipo_envolvido;estado_fisico;idade;sexo;ilesos;feridos_leves;feridos_graves;mortos;latitude;longitude;regional;delegacia;uop
594282;1324104;45398;terça-feira;0,309027778;RS;290;92;PORTO ALEGRE;Sim;Manobra de mudança de faixa;1;Colisão traseira;Com Vítimas Feridas;Pleno dia;Decrescente;Chuva;Dupla;"Reta;Retorno Regulamentado";Sim;1060467;Motocicleta;HONDA/XRE 190;2018;Condutor;Lesões Leves;31;Masculino;0;1;0;0;-29,971916;-51,176838;SPRF-RS;DEL01-RS;UOP01-DEL01-RS
594320;1324224;45398;terça-feira;0,416666667;RS;116;2;PORTO ALEGRE;Não;Condutor deixou de manter distância do veículo da frente;3;Queda de ocupante de veículo;Com Vítimas Feridas;Pleno dia;Decrescente;Garoa/Chuvisco;Dupla;Reta;Sim;1060572;Automóvel;VW/FOX 1.6 GII;2014;Condutor;Ileso;62;Masculino;1;0;0;0;-29,99205173;-51,18549049;SPRF-RS;DEL05-RS;UOP03-DEL05-RS
594320;1324225;45398;terça-feira;0,416666667;RS;116;2;PORTO ALEGRE;Não;Condutor deixou de manter distância do veículo da frente;3;Queda de ocupante de veículo;Com Vítimas Feridas;Pleno dia;Decrescente;Garoa/Chuvisco;Dupla;Reta;Sim;1060573;Motocicleta;HONDA/CG 160 TITAN;2022;Condutor;Lesões Leves;25;Masculino;0;1;0;0;-29,99205173;-51,18549049;SPRF-RS;DEL05-RS;UOP03-DEL05-RS
594320;1324224;45398;terça-feira;0,416666667;RS;116;2;PORTO ALEGRE;Sim;Manobra de mudança de faixa;3;Queda de ocupante de veículo;Com Vítimas Feridas;Pleno dia;Decrescente;Garoa/Chuvisco;Dupla;Reta;Sim;1060572;Automóvel;VW/FOX 1.6 GII;2014;Condutor;Ileso;62;Masculino;1;0;0;0;-29,99205173;-51,18549049;SPRF-RS;DEL05-RS;UOP03-DEL05-RS
594320;1324225;45398;terça-feira;0,416666667;RS;116;2;PORTO ALEGRE;Sim;Manobra de mudança de faixa;3;Queda de ocupante de veículo;Com Vítimas Feridas;Pleno dia;Decrescente;Garoa/Chuvisco;Dupla;Reta;Sim;1060573;Motocicleta;HONDA/CG 160 TITAN;2022;Condutor;Lesões Leves;25;Masculino;0;1;0;0;-29,99205173;-51,18549049;SPRF-RS;DEL05-RS;UOP03-DEL05-RS
594320;1324224;45398;terça-feira;0,416666667;RS;116;2;PORTO ALEGRE;Não;Condutor deixou de manter distância do veículo da frente;2;Tombamento;Com Vítimas Feridas;Pleno dia;Decrescente;Garoa/Chuvisco;Dupla;Reta;Sim;1060572;Automóvel;VW/FOX 1.6 GII;2014;Condutor;Ileso;62;Masculino;1;0;0;0;-29,99205173;-51,18549049;SPRF-RS;DEL05-RS;UOP03-DEL05-RS
594320;1324225;45398;terça-feira;0,416666667;RS;116;2;PORTO ALEGRE;Não;Condutor deixou de manter distância do veículo da frente;2;Tombamento;Com Vítimas Feridas;Pleno dia;Decrescente;Garoa/Chuvisco;Dupla;Reta;Sim;1060573;Motocicleta;HONDA/CG 160 TITAN;2022;Condutor;Lesões Leves;25;Masculino;0;1;0;0;-29,99205173;-51,18549049;SPRF-RS;DEL05-RS;UOP03-DEL05-RS
594320;1324224;45398;terça-feira;0,416666667;RS;116;2;PORTO ALEGRE;Sim;Manobra de mudança de faixa;2;Tombamento;Com Vítimas Feridas;Pleno dia;Decrescente;Garoa/Chuvisco;Dupla;Reta;Sim;1060572;Automóvel;VW/FOX 1.6 GII;2014;Condutor;Ileso;62;Masculino;1;0;0;0;-29,99205173;-51,18549049;SPRF-RS;DEL05-RS;UOP03-DEL05-RS
594320;1324225;45398;terça-feira;0,416666667;RS;116;2;PORTO ALEGRE;Sim;Manobra de mudança de faixa;2;Tombamento;Com Vítimas Feridas;Pleno dia;Decrescente;Garoa/Chuvisco;Dupla;Reta;Sim;1060573;Motocicleta;HONDA/CG 160 TITAN;2022;Condutor;Lesões Leves;25;Masculino;0;1;0;0;-29,99205173;-51,18549049;SPRF-RS;DEL05-RS;UOP03-DEL05-RS
594320;1324224;45398;terça-feira;0,416666667;RS;116;2;PORTO ALEGRE;Não;Condutor deixou de manter distância do veículo da frente;1;Colisão lateral mesmo sentido;Com Vítimas Feridas;Pleno dia;Decrescente;Garoa/Chuvisco;Dupla;Reta;Sim;1060572;Automóvel;VW/FOX 1.6 GII;2014;Condutor;Ileso;62;Masculino;1;0;0;0;-29,99205173;-51,18549049;SPRF-RS;DEL05-RS;UOP03-DEL05-RS
594320;1324225;45398;terça-feira;0,416666667;RS;116;2;PORTO ALEGRE;Não;Condutor deixou de manter distância do veículo da frente;1;Colisão lateral mesmo sentido;Com Vítimas Feridas;Pleno dia;Decrescente;Garoa/Chuvisco;Dupla;Reta;Sim;1060573;Motocicleta;HONDA/CG 160 TITAN;2022;Condutor;Lesões Leves;25;Masculino;0;1;0;0;-29,99205173;-51,18549049;SPRF-RS;DEL05-RS;UOP03-DEL05-RS
594320;1324224;45398;terça-feira;0,416666667;RS;116;2;PORTO ALEGRE;Sim;Manobra de mudança de faixa;1;Colisão lateral mesmo sentido;Com Vítimas Feridas;Pleno dia;Decrescente;Garoa/Chuvisco;Dupla;Reta;Sim;1060572;Automóvel;VW/FOX 1.6 GII;2014;Condutor;Ileso;62;Masculino;1;0;0;0;-29,99205173;-51,18549049;SPRF-RS;DEL05-RS;UOP03-DEL05-RS
594320;1324225;45398;terça-feira;0,416666667;RS;116;2;PORTO ALEGRE;Sim;Manobra de mudança de faixa;1;Colisão lateral mesmo sentido;Com Vítimas Feridas;Pleno dia;Decrescente;Garoa/Chuvisco;Dupla;Reta;Sim;1060573;Motocicleta;HONDA/CG 160 TITAN;2022;Condutor;Lesões Leves;25;Masculino;0;1;0;0;-29,99205173;-51,18549049;SPRF-RS;DEL05-RS;UOP03-DEL05-RS
594798;1325330;45400;quinta-feira;0,777777778;RS;290;102;PORTO ALEGRE;Não;Frear bruscamente;2;Saída de leito carroçável;Com Vítimas Feridas;Plena Noite;Crescente;Céu Claro;Dupla;Reta;Não;1061525;Automóvel;RENAULT/SANDERO EXPR 16;2014;Condutor;Ileso;40;Feminino;1;0;0;0;-29,987022;-51,256479;SPRF-RS;DEL01-RS;UOP01-DEL01-RS
594798;1325331;45400;quinta-feira;0,777777778;RS;290;102;PORTO ALEGRE;Não;Frear bruscamente;2;Saída de leito carroçável;Com Vítimas Feridas;Plena Noite;Crescente;Céu Claro;Dupla;Reta;Não;1061526;Automóvel;VW/POLO TRACK MA;2023;Condutor;Ileso;45;Masculino;1;0;0;0;-29,987022;-51,256479;SPRF-RS;DEL01-RS;UOP01-DEL01-RS
594798;1325334;45400;quinta-feira;0,777777778;RS;290;102;PORTO ALEGRE;Não;Frear bruscamente;2;Saída de leito carroçável;Com Vítimas Feridas;Plena Noite;Crescente;Céu Claro;Dupla;Reta;Não;1061527;Automóvel;RENAULT/LOGAN EXPR 16 M;2016;Condutor;Ileso;32;Masculino;1;0;0;0;-29,987022;-51,256479;SPRF-RS;DEL01-RS;UOP01-DEL01-RS
594798;1325439;45400;quinta-feira;0,777777778;RS;290;102;PORTO ALEGRE;Não;Frear bruscamente;2;Saída de leito carroçável;Com Vítimas Feridas;Plena Noite;Crescente;Céu Claro;Dupla;Reta;Não;1061527;Automóvel;RENAULT/LOGAN EXPR 16 M;2016;Passageiro;Lesões Leves;74;Feminino;0;1;0;0;-29,987022;-51,256479;SPRF-RS;DEL01-RS;UOP01-DEL01-RS
594798;1325330;45400;quinta-feira;0,777777778;RS;290;102;PORTO ALEGRE;Não;Condutor usando celular;2;Saída de leito carroçável;Com Vítimas Feridas;Plena Noite;Crescente;Céu Claro;Dupla;Reta;Não;1061525;Automóvel;RENAULT/SANDERO EXPR 16;2014;Condutor;Ileso;40;Feminino;1;0;0;0;-29,987022;-51,256479;SPRF-RS;DEL01-RS;UOP01-DEL01-RS
594798;1325331;45400;quinta-feira;0,777777778;RS;290;102;PORTO ALEGRE;Não;Condutor usando celular;2;Saída de leito carroçável;Com Vítimas Feridas;Plena Noite;Crescente;Céu Claro;Dupla;Reta;Não;1061526;Automóvel;VW/POLO TRACK MA;2023;Condutor;Ileso;45;Masculino;1;0;0;0;-29,987022;-51,256479;SPRF-RS;DEL01-RS;UOP01-DEL01-RS
594798;1325334;45400;quinta-feira;0,777777778;RS;290;102;PORTO ALEGRE;Não;Condutor usando celular;2;Saída de leito carroçável;Com Vítimas Feridas;Plena Noite;Crescente;Céu Claro;Dupla;Reta;Não;1061527;Automóvel;RENAULT/LOGAN EXPR 16 M;2016;Condutor;Ileso;32;Masculino;1;0;0;0;-29,987022;-51,256479;SPRF-RS;DEL01-RS;UOP01-DEL01-RS
594798;1325439;45400;quinta-feira;0,777777778;RS;290;102;PORTO ALEGRE;Não;Condutor usando celular;2;Saída de leito carroçável;Com Vítimas Feridas;Plena Noite;Crescente;Céu Claro;Dupla;Reta;Não;1061527;Automóvel;RENAULT/LOGAN EXPR 16 M;2016;Passageiro;Lesões Leves;74;Feminino;0;1;0;0;-29,987022;-51,256479;SPRF-RS;DEL01-RS;UOP01-DEL01-RS
594798;1325330;45400;quinta-feira;0,777777778;RS;290;102;PORTO ALEGRE;Não;Condutor deixou de manter distância do veículo da frente;2;Saída de leito carroçável;Com Vítimas Feridas;Plena Noite;Crescente;Céu Claro;Dupla;Reta;Não;1061525;Automóvel;RENAULT/SANDERO EXPR 16;2014;Condutor;Ileso;40;Feminino;1;0;0;0;-29,987022;-51,256479;SPRF-RS;DEL01-RS;UOP01-DEL01-RS
594798;1325331;45400;quinta-feira;0,777777778;RS;290;102;PORTO ALEGRE;Não;Condutor deixou de manter distância do veículo da frente;2;Saída de leito carroçável;Com Vítimas Feridas;Plena Noite;Crescente;Céu Claro;Dupla;Reta;Não;1061526;Automóvel;VW/POLO TRACK MA;2023;Condutor;Ileso;45;Masculino;1;0;0;0;-29,987022;-51,256479;SPRF-RS;DEL01-RS;UOP01-DEL01-RS
594798;1325334;45400;quinta-feira;0,777777778;RS;290;102;PORTO ALEGRE;Não;Condutor deixou de manter distância do veículo da frente;2;Saída de leito carroçável;Com Vítimas Feridas;Plena Noite;Crescente;Céu Claro;Dupla;Reta;Não;1061527;Automóvel;RENAULT/LOGAN EXPR 16 M;2016;Condutor;Ileso;32;Masculino;1;0;0;0;-29,987022;-51,256479;SPRF-RS;DEL01-RS;UOP01-DEL01-RS
594798;1325439;45400;quinta-feira;0,777777778;RS;290;102;PORTO ALEGRE;Não;Condutor deixou de manter distância do veículo da frente;2;Saída de leito carroçável;Com Vítimas Feridas;Plena Noite;Crescente;Céu Claro;Dupla;Reta;Não;1061527;Automóvel;RENAULT/LOGAN EXPR 16 M;2016;Passageiro;Lesões Leves;74;Feminino;0;1;0;0;-29,987022;-51,256479;SPRF-RS;DEL01-RS;UOP01-DEL01-RS
594798;1325330;45400;quinta-feira;0,777777778;RS;290;102;PORTO ALEGRE;Sim;Reação tardia ou ineficiente do condutor;2;Saída de leito carroçável;Com Vítimas Feridas;Plena Noite;Crescente;Céu Claro;Dupla;Reta;Não;1061525;Automóvel;RENAULT/SANDERO EXPR 16;2014;Condutor;Ileso;40;Feminino;1;0;0;0;-29,987022;-51,256479;SPRF-RS;DEL01-RS;UOP01-DEL01-RS
594798;1325331;45400;quinta-feira;0,777777778;RS;290;102;PORTO ALEGRE;Sim;Reação tardia ou ineficiente do condutor;2;Saída de leito carroçável;Com Vítimas Feridas;Plena Noite;Crescente;Céu Claro;Dupla;Reta;Não;1061526;Automóvel;VW/POLO TRACK MA;2023;Condutor;Ileso;45;Masculino;1;0;0;0;-29,987022;-51,256479;SPRF-RS;DEL01-RS;UOP01-DEL01-RS
594798;1325334;45400;quinta-feira;0,777777778;RS;290;102;PORTO ALEGRE;Sim;Reação tardia ou ineficiente do condutor;2;Saída de leito carroçável;Com Vítimas Feridas;Plena Noite;Crescente;Céu Claro;Dupla;Reta;Não;1061527;Automóvel;RENAULT/LOGAN EXPR 16 M;2016;Condutor;Ileso;32;Masculino;1;0;0;0;-29,987022;-51,256479;SPRF-RS;DEL01-RS;UOP01-DEL01-RS
594798;1325439;45400;quinta-feira;0,777777778;RS;290;102;PORTO ALEGRE;Sim;Reação tardia ou ineficiente do condutor;2;Saída de leito carroçável;Com Vítimas Feridas;Plena Noite;Crescente;Céu Claro;Dupla;Reta;Não;1061527;Automóvel;RENAULT/LOGAN EXPR 16 M;2016;Passageiro;Lesões Leves;74;Feminino;0;1;0;0;-29,987022;-51,256479;SPRF-RS;DEL01-RS;UOP01-DEL01-RS
594798;1325330;45400;quinta-feira;0,777777778;RS;290;102;PORTO ALEGRE;Não;Frear bruscamente;1;Engavetamento;Com Vítimas Feridas;Plena Noite;Crescente;Céu Claro;Dupla;Reta;Não;1061525;Automóvel;RENAULT/SANDERO EXPR 16;2014;Condutor;Ileso;40;Feminino;1;0;0;0;-29,987022;-51,256479;SPRF-RS;DEL01-RS;UOP01-DEL01-RS
594798;1325331;45400;quinta-feira;0,777777778;RS;290;102;PORTO ALEGRE;Não;Frear bruscamente;1;Engavetamento;Com Vítimas Feridas;Plena Noite;Crescente;Céu Claro;Dupla;Reta;Não;1061526;Automóvel;VW/POLO TRACK MA;2023;Condutor;Ileso;45;Masculino;1;0;0;0;-29,987022;-51,256479;SPRF-RS;DEL01-RS;UOP01-DEL01-RS
594798;1325334;45400;quinta-feira;0,777777778;RS;290;102;PORTO ALEGRE;Não;Frear bruscamente;1;Engavetamento;Com Vítimas Feridas;Plena Noite;Crescente;Céu Claro;Dupla;Reta;Não;1061527;Automóvel;RENAULT/LOGAN EXPR 16 M;2016;Condutor;Ileso;32;Masculino;1;0;0;0;-29,987022;-51,256479;SPRF-RS;DEL01-RS;UOP01-DEL01-RS
594798;1325439;45400;quinta-feira;0,777777778;RS;290;102;PORTO ALEGRE;Não;Frear bruscamente;1;Engavetamento;Com Vítimas Feridas;Plena Noite;Crescente;Céu Claro;Dupla;Reta;Não;1061527;Automóvel;RENAULT/LOGAN EXPR 16 M;2016;Passageiro;Lesões Leves;74;Feminino;0;1;0;0;-29,987022;-51,256479;SPRF-RS;DEL01-RS;UOP01-DEL01-RS
594798;1325330;45400;quinta-feira;0,777777778;RS;290;102;PORTO ALEGRE;Não;Condutor usando celular;1;Engavetamento;Com Vítimas Feridas;Plena Noite;Crescente;Céu Claro;Dupla;Reta;Não;1061525;Automóvel;RENAULT/SANDERO EXPR 16;2014;Condutor;Ileso;40;Feminino;1;0;0;0;-29,987022;-51,256479;SPRF-RS;DEL01-RS;UOP01-DEL01-RS
594798;1325331;45400;quinta-feira;0,777777778;RS;290;102;PORTO ALEGRE;Não;Condutor usando celular;1;Engavetamento;Com Vítimas Feridas;Plena Noite;Crescente;Céu Claro;Dupla;Reta;Não;1061526;Automóvel;VW/POLO TRACK MA;2023;Condutor;Ileso;45;Masculino;1;0;0;0;-29,987022;-51,256479;SPRF-RS;DEL01-RS;UOP01-DEL01-RS
594798;1325334;45400;quinta-feira;0,777777778;RS;290;102;PORTO ALEGRE;Não;Condutor usando celular;1;Engavetamento;Com Vítimas Feridas;Plena Noite;Crescente;Céu Claro;Dupla;Reta;Não;1061527;Automóvel;RENAULT/LOGAN EXPR 16 M;2016;Condutor;Ileso;32;Masculino;1;0;0;0;-29,987022;-51,256479;SPRF-RS;DEL01-RS;UOP01-DEL01-RS
594798;1325439;45400;quinta-feira;0,777777778;RS;290;102;PORTO ALEGRE;Não;Condutor usando celular;1;Engavetamento;Com Vítimas Feridas;Plena Noite;Crescente;Céu Claro;Dupla;Reta;Não;1061527;Automóvel;RENAULT/LOGAN EXPR 16 M;2016;Passageiro;Lesões Leves;74;Feminino;0;1;0;0;-29,987022;-51,256479;SPRF-RS;DEL01-RS;UOP01-DEL01-RS
594798;1325330;45400;quinta-feira;0,777777778;RS;290;102;PORTO ALEGRE;Não;Condutor deixou de manter distância do veículo da frente;1;Engavetamento;Com Vítimas Feridas;Plena Noite;Crescente;Céu Claro;Dupla;Reta;Não;1061525;Automóvel;RENAULT/SANDERO EXPR 16;2014;Condutor;Ileso;40;Feminino;1;0;0;0;-29,987022;-51,256479;SPRF-RS;DEL01-RS;UOP01-DEL01-RS
594798;1325331;45400;quinta-feira;0,777777778;RS;290;102;PORTO ALEGRE;Não;Condutor deixou de manter distância do veículo da frente;1;Engavetamento;Com Vítimas Feridas;Plena Noite;Crescente;Céu Claro;Dupla;Reta;Não;1061526;Automóvel;VW/POLO TRACK MA;2023;Condutor;Ileso;45;Masculino;1;0;0;0;-29,987022;-51,256479;SPRF-RS;DEL01-RS;UOP01-DEL01-RS
594798;1325334;45400;quinta-feira;0,777777778;RS;290;102;PORTO ALEGRE;Não;Condutor deixou de manter distância do veículo da frente;1;Engavetamento;Com Vítimas Feridas;Plena Noite;Crescente;Céu Claro;Dupla;Reta;Não;1061527;Automóvel;RENAULT/LOGAN EXPR 16 M;2016;Condutor;Ileso;32;Masculino;1;0;0;0;-29,987022;-51,256479;SPRF-RS;DEL01-RS;UOP01-DEL01-RS
594798;1325439;45400;quinta-feira;0,777777778;RS;290;102;PORTO ALEGRE;Não;Condutor deixou de manter distância do veículo da frente;1;Engavetamento;Com Vítimas Feridas;Plena Noite;Crescente;Céu Claro;Dupla;Reta;Não;1061527;Automóvel;RENAULT/LOGAN EXPR 16 M;2016;Passageiro;Lesões Leves;74;Feminino;0;1;0;0;-29,987022;-51,256479;SPRF-RS;DEL01-RS;UOP01-DEL01-RS
594798;1325330;45400;quinta-feira;0,777777778;RS;290;102;PORTO ALEGRE;Sim;Reação tardia ou ineficiente do condutor;1;Engavetamento;Com Vítimas Feridas;Plena Noite;Crescente;Céu Claro;Dupla;Reta;Não;1061525;Automóvel;RENAULT/SANDERO EXPR 16;2014;Condutor;Ileso;40;Feminino;1;0;0;0;-29,987022;-51,256479;SPRF-RS;DEL01-RS;UOP01-DEL01-RS
594798;1325331;45400;quinta-feira;0,777777778;RS;290;102;PORTO ALEGRE;Sim;Reação tardia ou ineficiente do condutor;1;Engavetamento;Com Vítimas Feridas;Plena Noite;Crescente;Céu Claro;Dupla;Reta;Não;1061526;Automóvel;VW/POLO TRACK MA;2023;Condutor;Ileso;45;Masculino;1;0;0;0;-29,987022;-51,256479;SPRF-RS;DEL01-RS;UOP01-DEL01-RS
594798;1325334;45400;quinta-feira;0,777777778;RS;290;102;PORTO ALEGRE;Sim;Reação tardia ou ineficiente do condutor;1;Engavetamento;Com Vítimas Feridas;Plena Noite;Crescente;Céu Claro;Dupla;Reta;Não;1061527;Automóvel;RENAULT/LOGAN EXPR 16 M;2016;Condutor;Ileso;32;Masculino;1;0;0;0;-29,987022;-51,256479;SPRF-RS;DEL01-RS;UOP01-DEL01-RS
594798;1325439;45400;quinta-feira;0,777777778;RS;290;102;PORTO ALEGRE;Sim;Reação tardia ou ineficiente do condutor;1;Engavetamento;Com Vítimas Feridas;Plena Noite;Crescente;Céu Claro;Dupla;Reta;Não;1061527;Automóvel;RENAULT/LOGAN EXPR 16 M;2016;Passageiro;Lesões Leves;74;Feminino;0;1;0;0;-29,987022;-51,256479;SPRF-RS;DEL01-RS;UOP01-DEL01-RS
594870;1325858;45401;sexta-feira;0,277777778;RS;116;270;PORTO ALEGRE;Sim;Manobra de mudança de faixa;3;Queda de ocupante de veículo;Com Vítimas Feridas;Pleno dia;Crescente;Céu Claro;Dupla;Reta;Sim;1061984;Motocicleta;HONDA/NXR160 BROS ESDD;2018;Condutor;Lesões Leves;32;Masculino;0;1;0;0;-29,96839095;-51,17623895;SPRF-RS;DEL01-RS;UOP01-DEL01-RS
594870;1325860;45401;sexta-feira;0,277777778;RS;116;270;PORTO ALEGRE;Sim;Manobra de mudança de faixa;3;Queda de ocupante de veículo;Com Vítimas Feridas;Pleno dia;Crescente;Céu Claro;Dupla;Reta;Sim;1061986;Automóvel;VW/POLO MB;2022;Condutor;Ileso;27;Masculino;1;0;0;0;-29,96839095;-51,17623895;SPRF-RS;DEL01-RS;UOP01-DEL01-RS
594870;1325858;45401;sexta-feira;0,277777778;RS;116;270;PORTO ALEGRE;Sim;Manobra de mudança de faixa;2;Tombamento;Com Vítimas Feridas;Pleno dia;Crescente;Céu Claro;Dupla;Reta;Sim;1061984;Motocicleta;HONDA/NXR160 BROS ESDD;2018;Condutor;Lesões Leves;32;Masculino;0;1;0;0;-29,96839095;-51,17623895;SPRF-RS;DEL01-RS;UOP01-DEL01-RS
594870;1325860;45401;sexta-feira;0,277777778;RS;116;270;PORTO ALEGRE;Sim;Manobra de mudança de faixa;2;Tombamento;Com Vítimas Feridas;Pleno dia;Crescente;Céu Claro;Dupla;Reta;Sim;1061986;Automóvel;VW/POLO MB;2022;Condutor;Ileso;27;Masculino;1;0;0;0;-29,96839095;-51,17623895;SPRF-RS;DEL01-RS;UOP01-DEL01-RS
594870;1325858;45401;sexta-feira;0,277777778;RS;116;270;PORTO ALEGRE;Sim;Manobra de mudança de faixa;1;Colisão lateral mesmo sentido;Com Vítimas Feridas;Pleno dia;Crescente;Céu Claro;Dupla;Reta;Sim;1061984;Motocicleta;HONDA/NXR160 BROS ESDD;2018;Condutor;Lesões Leves;32;Masculino;0;1;0;0;-29,96839095;-51,17623895;SPRF-RS;DEL01-RS;UOP01-DEL01-RS
594870;1325860;45401;sexta-feira;0,277777778;RS;116;270;PORTO ALEGRE;Sim;Manobra de mudança de faixa;1;Colisão lateral mesmo sentido;Com Vítimas Feridas;Pleno dia;Crescente;Céu Claro;Dupla;Reta;Sim;1061986;Automóvel;VW/POLO MB;2022;Condutor;Ileso;27;Masculino;1;0;0;0;-29,96839095;-51,17623895;SPRF-RS;DEL01-RS;UOP01-DEL01-RS
595212;1326627;45402;sábado;0,611111111;RS;290;95;PORTO ALEGRE;Sim;Acessar a via sem observar a presença dos outros veículos;1;Colisão lateral mesmo sentido;Com Vítimas Feridas;Pleno dia;Crescente;Céu Claro;Múltipla;Reta;Não;1062556;Bicicleta;Não Informado/Não Informado;0;Condutor;Lesões Leves;30;Masculino;0;1;0;0;-29,98343749;-51,20225966;SPRF-RS;DEL01-RS;UOP01-DEL01-RS
595212;1326628;45402;sábado;0,611111111;RS;290;95;PORTO ALEGRE;Sim;Acessar a via sem observar a presença dos outros veículos;1;Colisão lateral mesmo sentido;Com Vítimas Feridas;Pleno dia;Crescente;Céu Claro;Múltipla;Reta;Não;1062557;Utilitário;CAOACHERY/TIGGO8 1.6TGDI;2021;Condutor;Ileso;39;Masculino;1;0;0;0;-29,98343749;-51,20225966;SPRF-RS;DEL01-RS;UOP01-DEL01-RS
595219;1326381;45402;sábado;0,625;RS;290;90;PORTO ALEGRE;Sim;Manobra de mudança de faixa;1;Colisão lateral mesmo sentido;Com Vítimas Feridas;Pleno dia;Decrescente;Sol;Dupla;Reta;Sim;1062370;Camioneta;I/FORD EDGE V6 FWD;2011;Condutor;Ileso;74;Masculino;1;0;0;0;-29,968319;-51,157398;SPRF-RS;DEL01-RS;UOP01-DEL01-RS
595219;1326383;45402;sábado;0,625;RS;290;90;PORTO ALEGRE;Sim;Manobra de mudança de faixa;1;Colisão lateral mesmo sentido;Com Vítimas Feridas;Pleno dia;Decrescente;Sol;Dupla;Reta;Sim;1062375;Caminhonete;FIAT/DUCATO MC TCA AMB;2010;Condutor;Ileso;38;Masculino;1;0;0;0;-29,968319;-51,157398;SPRF-RS;DEL01-RS;UOP01-DEL01-RS
595219;1326386;45402;sábado;0,625;RS;290;90;PORTO ALEGRE;Sim;Manobra de mudança de faixa;1;Colisão lateral mesmo sentido;Com Vítimas Feridas;Pleno dia;Decrescente;Sol;Dupla;Reta;Sim;1062375;Caminhonete;FIAT/DUCATO MC TCA AMB;2010;Passageiro;Lesões Leves;27;Feminino;0;1;0;0;-29,968319;-51,157398;SPRF-RS;DEL01-RS;UOP01-DEL01-RS
595219;1329920;45402;sábado;0,625;RS;290;90;PORTO ALEGRE;Sim;Manobra de mudança de faixa;1;Colisão lateral mesmo sentido;Com Vítimas Feridas;Pleno dia;Decrescente;Sol;Dupla;Reta;Sim;1065365;Automóvel;I/RENAULT CLIO EXP1016VH;2012;Condutor;Ileso;33;Masculino;1;0;0;0;-29,968319;-51,157398;SPRF-RS;DEL01-RS;UOP01-DEL01-RS
595256;1328152;45402;sábado;0,6875;RS;290;99;PORTO ALEGRE;Sim;Ausência de reação do condutor;1;Colisão com objeto;Sem Vítimas;Pleno dia;Crescente;Céu Claro;Dupla;Reta;Sim;1063883;Caminhão-trator;SCANIA/R114GA4X2NZ 380;2006;Condutor;Ileso;34;Masculino;1;0;0;0;-29,98879113;-51,23493433;SPRF-RS;DEL01-RS;UOP01-DEL01-RS
596169;1328700;45406;quarta-feira;0,951388889;RS;290;88;PORTO ALEGRE;Sim;Manobra de mudança de faixa;1;Colisão lateral mesmo sentido;Com Vítimas Feridas;Plena Noite;Decrescente;Céu Claro;Múltipla;Reta;Não;1064317;Automóvel;RENAULT/KWID OUTSID 10MT;2021;Condutor;Ileso;33;Masculino;1;0;0;0;-29,967531;-51,137264;SPRF-RS;DEL01-RS;UOP01-DEL01-RS
596169;1328699;45406;quarta-feira;0,951388889;RS;290;88;PORTO ALEGRE;Sim;Manobra de mudança de faixa;1;Colisão lateral mesmo sentido;Com Vítimas Feridas;Plena Noite;Decrescente;Céu Claro;Múltipla;Reta;Não;1064316;Motocicleta;HONDA/CG 160 START;2023;Condutor;Lesões Leves;23;Masculino;0;1;0;0;-29,967531;-51,137264;SPRF-RS;DEL01-RS;UOP01-DEL01-RS
596246;1328897;45407;quinta-feira;0,454861111;RS;290;91;PORTO ALEGRE;Sim;Acessar a via sem observar a presença dos outros veículos;1;Tombamento;Com Vítimas Feridas;Pleno dia;Decrescente;Céu Claro;Dupla;Reta;Não;1064483;Caminhonete;FIAT/FIORINO FLEX;2008;Condutor;Lesões Leves;20;Masculino;0;1;0;0;-29,969055;-51,167439;SPRF-RS;DEL01-RS;UOP01-DEL01-RS
596378;1329207;45408;sexta-feira;0,020833333;RS;290;100;PORTO ALEGRE;Sim;Reação tardia ou ineficiente do condutor;2;Capotamento;Com Vítimas Feridas;Plena Noite;Crescente;Nublado;Simples;"Ponte;Reta";Sim;1064730;Automóvel;FORD/FIESTA SEDAN;2005;Condutor;Lesões Leves;24;Feminino;0;1;0;0;-29,988646;-51,236553;SPRF-RS;DEL01-RS;UOP01-DEL01-RS
596378;1329207;45408;sexta-feira;0,020833333;RS;290;100;PORTO ALEGRE;Sim;Reação tardia ou ineficiente do condutor;1;Colisão com objeto;Com Vítimas Feridas;Plena Noite;Crescente;Nublado;Simples;"Ponte;Reta";Sim;1064730;Automóvel;FORD/FIESTA SEDAN;2005;Condutor;Lesões Leves;24;Feminino;0;1;0;0;-29,988646;-51,236553;SPRF-RS;DEL01-RS;UOP01-DEL01-RS