id;pesid;data_inversa;dia_semana;horario;uf;br;km;municipio;causa_principal;causa_acidente;ordem_tipo_acidente;tipo_acidente;classificacao_acidente;fase_dia;sentido_via;condicao_metereologica;tipo_pista;tracado_via;uso_solo;id_veiculo;tipo_veiculo;marca;ano_fabricacao_veiculo;tipo_envolvido;estado_fisico;idade;sexo;ilesos;feridos_leves;feridos_graves;mortos;latitude;longitude;regional;delegacia;uop
607905;1358009;45459;domingo;0,604166667;RS;NA;NA;PORTO ALEGRE;Sim;Reação tardia ou ineficiente do condutor;1;Colisão transversal;Sem Vítimas;Pleno dia;Não Informado;Garoa/Chuvisco;Simples;Reta;Sim;1087710;Caminhonete;I/FORD RANGER XL 13D;2001;Condutor;Ileso;52;Masculino;1;0;0;0;-29,92700065;-51,19370699;SPRF-RS;DEL01-RS;N/A
608079;1357781;45460;segunda-feira;0,326388889;RS;290;87;PORTO ALEGRE;Sim;Condutor deixou de manter distância do veículo da frente;3;Tombamento;Com Vítimas Feridas;Pleno dia;Decrescente;Nublado;Dupla;Reta;Sim;1087504;Motocicleta;MOTTU/SPORT 110I;2023;Condutor;Lesões Leves;30;Masculino;0;1;0;0;-29,96734072;-51,13197505;SPRF-RS;DEL01-RS;UOP01-DEL01-RS
608079;1357783;45460;segunda-feira;0,326388889;RS;290;87;PORTO ALEGRE;Sim;Condutor deixou de manter distância do veículo da frente;3;Tombamento;Com Vítimas Feridas;Pleno dia;Decrescente;Nublado;Dupla;Reta;Sim;1087505;Automóvel;FORD/KA SE 1.0 HA B;2017;Condutor;Ileso;51;Feminino;1;0;0;0;-29,96734072;-51,13197505;SPRF-RS;DEL01-RS;UOP01-DEL01-RS
608079;1357781;45460;segunda-feira;0,326388889;RS;290;87;PORTO ALEGRE;Sim;Condutor deixou de manter distância do veículo da frente;2;Queda de ocupante de veículo;Com Vítimas Feridas;Pleno dia;Decrescente;Nublado;Dupla;Reta;Sim;1087504;Motocicleta;MOTTU/SPORT 110I;2023;Condutor;Lesões Leves;30;Masculino;0;1;0;0;-29,96734072;-51,13197505;SPRF-RS;DEL01-RS;UOP01-DEL01-RS
608079;1357783;45460;segunda-feira;0,326388889;RS;290;87;PORTO ALEGRE;Sim;Condutor deixou de manter distância do veículo da frente;2;Queda de ocupante de veículo;Com Vítimas Feridas;Pleno dia;Decrescente;Nublado;Dupla;Reta;Sim;1087505;Automóvel;FORD/KA SE 1.0 HA B;2017;Condutor;Ileso;51;Feminino;1;0;0;0;-29,96734072;-51,13197505;SPRF-RS;DEL01-RS;UOP01-DEL01-RS
608079;1357781;45460;segunda-feira;0,326388889;RS;290;87;PORTO ALEGRE;Sim;Condutor deixou de manter distância do veículo da frente;1;Colisão traseira;Com Vítimas Feridas;Pleno dia;Decrescente;Nublado;Dupla;Reta;Sim;1087504;Motocicleta;MOTTU/SPORT 110I;2023;Condutor;Lesões Leves;30;Masculino;0;1;0;0;-29,96734072;-51,13197505;SPRF-RS;DEL01-RS;UOP01-DEL01-RS
608079;1357783;45460;segunda-feira;0,326388889;RS;290;87;PORTO ALEGRE;Sim;Condutor deixou de manter distância do veículo da frente;1;Colisão traseira;Com Vítimas Feridas;Pleno dia;Decrescente;Nublado;Dupla;Reta;Sim;1087505;Automóvel;FORD/KA SE 1.0 HA B;2017;Condutor;Ileso;51;Feminino;1;0;0;0;-29,96734072;-51,13197505;SPRF-RS;DEL01-RS;UOP01-DEL01-RS
608143;1357880;45460;segunda-feira;0,534722222;RS;290;90;PORTO ALEGRE;Sim;Problema com o freio;1;Colisão traseira;Com Vítimas Feridas;Pleno dia;Decrescente;Nublado;Múltipla;Reta;Não;1087591;Automóvel;FORD/KA SE 1.0 HA B;2018;Condutor;Lesões Graves;38;Masculino;0;0;1;0;-29,968319;-51,157398;SPRF-RS;DEL01-RS;UOP01-DEL01-RS
608143;1357881;45460;segunda-feira;0,534722222;RS;290;90;PORTO ALEGRE;Sim;Problema com o freio;1;Colisão traseira;Com Vítimas Feridas;Pleno dia;Decrescente;Nublado;Múltipla;Reta;Não;1087597;Caminhão;M.BENZ/ACCELO 815;2015;Passageiro;Ileso;NA;Masculino;1;0;0;0;-29,968319;-51,157398;SPRF-RS;DEL01-RS;UOP01-DEL01-RS
608143;1357878;45460;segunda-feira;0,534722222;RS;290;90;PORTO ALEGRE;Sim;Problema com o freio;1;Colisão traseira;Com Vítimas Feridas;Pleno dia;Decrescente;Nublado;Múltipla;Reta;Não;1087597;Caminhão;M.BENZ/ACCELO 815;2015;Condutor;Ileso;51;Masculino;1;0;0;0;-29,968319;-51,157398;SPRF-RS;DEL01-RS;UOP01-DEL01-RS
608237;NA;45460;segunda-feira;0,836805556;RS;290;90;PORTO ALEGRE;Sim;Ausência de reação do condutor;1;Colisão traseira;Com Vítimas Feridas;Plena Noite;Decrescente;Nublado;Múltipla;Reta;Sim;1087818;Semireboque;SR/PALMEIRA SRCF 3EL;2020;NA;NA;NA;NA;NA;NA;NA;NA;-29,968319;-51,157398;SPRF-RS;DEL01-RS;UOP01-DEL01-RS
608237;1358159;45460;segunda-feira;0,836805556;RS;290;90;PORTO ALEGRE;Sim;Ausência de reação do condutor;1;Colisão traseira;Com Vítimas Feridas;Plena Noite;Decrescente;Nublado;Múltipla;Reta;Sim;1087817;Caminhão-trator;VOLVO/FH 400 4X2T;2007;Condutor;Ileso;53;Masculino;1;0;0;0;-29,968319;-51,157398;SPRF-RS;DEL01-RS;UOP01-DEL01-RS
608237;1358158;45460;segunda-feira;0,836805556;RS;290;90;PORTO ALEGRE;Sim;Ausência de reação do condutor;1;Colisão traseira;Com Vítimas Feridas;Plena Noite;Decrescente;Nublado;Múltipla;Reta;Sim;1087816;Motocicleta;HONDA/CG 160 START;2023;Condutor;Lesões Leves;26;Masculino;0;1;0;0;-29,968319;-51,157398;SPRF-RS;DEL01-RS;UOP01-DEL01-RS
608316;1358356;45461;terça-feira;0,3875;RS;290;92;PORTO ALEGRE;Sim;Demais falhas na via;2;Queda de ocupante de veículo;Com Vítimas Feridas;Pleno dia;Crescente;Céu Claro;Múltipla;Reta;Sim;1087980;Motocicleta;YAMAHA/YS150 FAZER ED;2014;Passageiro;Lesões Leves;55;Feminino;0;1;0;0;-29,971916;-51,176838;SPRF-RS;DEL01-RS;UOP01-DEL01-RS
608316;1358355;45461;terça-feira;0,3875;RS;290;92;PORTO ALEGRE;Sim;Demais falhas na via;2;Queda de ocupante de veículo;Com Vítimas Feridas;Pleno dia;Crescente;Céu Claro;Múltipla;Reta;Sim;1087980;Motocicleta;YAMAHA/YS150 FAZER ED;2014;Condutor;Lesões Leves;41;Masculino;0;1;0;0;-29,971916;-51,176838;SPRF-RS;DEL01-RS;UOP01-DEL01-RS
608316;1358356;45461;terça-feira;0,3875;RS;290;92;PORTO ALEGRE;Sim;Demais falhas na via;1;Tombamento;Com Vítimas Feridas;Pleno dia;Crescente;Céu Claro;Múltipla;Reta;Sim;1087980;Motocicleta;YAMAHA/YS150 FAZER ED;2014;Passageiro;Lesões Leves;55;Feminino;0;1;0;0;-29,971916;-51,176838;SPRF-RS;DEL01-RS;UOP01-DEL01-RS
608316;1358355;45461;terça-feira;0,3875;RS;290;92;PORTO ALEGRE;Sim;Demais falhas na via;1;Tombamento;Com Vítimas Feridas;Pleno dia;Crescente;Céu Claro;Múltipla;Reta;Sim;1087980;Motocicleta;YAMAHA/YS150 FAZER ED;2014;Condutor;Lesões Leves;41;Masculino;0;1;0;0;-29,971916;-51,176838;SPRF-RS;DEL01-RS;UOP01-DEL01-RS
608642;1359236;45462;quarta-feira;0,826388889;RS;116;2,8;PORTO ALEGRE;Sim;Condutor Dormindo;1;Colisão com objeto;Com Vítimas Feridas;Plena Noite;Decrescente;Nublado;Dupla;Curva;Sim;1088671;Automóvel;HYUNDAI/HB20 1.0M 1.0 M;2013;Condutor;Lesões Leves;37;Masculino;0;1;0;0;-29,99510983;-51,1887145;SPRF-RS;DEL05-RS;UOP03-DEL05-RS
609282;1362781;45465;sábado;0,65625;RS;290;92;PORTO ALEGRE;Sim;Manobra de mudança de faixa;2;Saída de leito carroçável;Sem Vítimas;Pleno dia;Decrescente;Céu Claro;Dupla;Retorno Regulamentado;Sim;1089872;Automóvel;GM/CORSA WIND;1996;Passageiro;Ileso;19;Feminino;1;0;0;0;-29,971916;-51,176838;SPRF-RS;DEL01-RS;UOP01-DEL01-RS
609282;1362782;45465;sábado;0,65625;RS;290;92;PORTO ALEGRE;Sim;Manobra de mudança de faixa;2;Saída de leito carroçável;Sem Vítimas;Pleno dia;Decrescente;Céu Claro;Dupla;Retorno Regulamentado;Sim;1089872;Automóvel;GM/CORSA WIND;1996;Passageiro;Ileso;NA;Feminino;1;0;0;0;-29,971916;-51,176838;SPRF-RS;DEL01-RS;UOP01-DEL01-RS
609282;1362775;45465;sábado;0,65625;RS;290;92;PORTO ALEGRE;Sim;Manobra de mudança de faixa;2;Saída de leito carroçável;Sem Vítimas;Pleno dia;Decrescente;Céu Claro;Dupla;Retorno Regulamentado;Sim;1089872;Automóvel;GM/CORSA WIND;1996;Passageiro;Ileso;40;Feminino;1;0;0;0;-29,971916;-51,176838;SPRF-RS;DEL01-RS;UOP01-DEL01-RS
609282;1362779;45465;sábado;0,65625;RS;290;92;PORTO ALEGRE;Sim;Manobra de mudança de faixa;2;Saída de leito carroçável;Sem Vítimas;Pleno dia;Decrescente;Céu Claro;Dupla;Retorno Regulamentado;Sim;1089872;Automóvel;GM/CORSA WIND;1996;Passageiro;Ileso;NA;Masculino;1;0;0;0;-29,971916;-51,176838;SPRF-RS;DEL01-RS;UOP01-DEL01-RS
609282;1360812;45465;sábado;0,65625;RS;290;92;PORTO ALEGRE;Sim;Manobra de mudança de faixa;2;Saída de leito carroçável;Sem Vítimas;Pleno dia;Decrescente;Céu Claro;Dupla;Retorno Regulamentado;Sim;1089872;Automóvel;GM/CORSA WIND;1996;Condutor;Ileso;23;Masculino;1;0;0;0;-29,971916;-51,176838;SPRF-RS;DEL01-RS;UOP01-DEL01-RS
609282;1362783;45465;sábado;0,65625;RS;290;92;PORTO ALEGRE;Sim;Manobra de mudança de faixa;2;Saída de leito carroçável;Sem Vítimas;Pleno dia;Decrescente;Céu Claro;Dupla;Retorno Regulamentado;Sim;1089873;Automóvel;FIAT/UNO VIVACE 1.0;2011;Passageiro;Ileso;84;Feminino;1;0;0;0;-29,971916;-51,176838;SPRF-RS;DEL01-RS;UOP01-DEL01-RS
609282;1360813;45465;sábado;0,65625;RS;290;92;PORTO ALEGRE;Sim;Manobra de mudança de faixa;2;Saída de leito carroçável;Sem Vítimas;Pleno dia;Decrescente;Céu Claro;Dupla;Retorno Regulamentado;Sim;1089873;Automóvel;FIAT/UNO VIVACE 1.0;2011;Condutor;Ileso;61;Feminino;1;0;0;0;-29,971916;-51,176838;SPRF-RS;DEL01-RS;UOP01-DEL01-RS
609282;1362781;45465;sábado;0,65625;RS;290;92;PORTO ALEGRE;Sim;Manobra de mudança de faixa;1;Colisão transversal;Sem Vítimas;Pleno dia;Decrescente;Céu Claro;Dupla;Retorno Regulamentado;Sim;1089872;Automóvel;GM/CORSA WIND;1996;Passageiro;Ileso;19;Feminino;1;0;0;0;-29,971916;-51,176838;SPRF-RS;DEL01-RS;UOP01-DEL01-RS
609282;1362782;45465;sábado;0,65625;RS;290;92;PORTO ALEGRE;Sim;Manobra de mudança de faixa;1;Colisão transversal;Sem Vítimas;Pleno dia;Decrescente;Céu Claro;Dupla;Retorno Regulamentado;Sim;1089872;Automóvel;GM/CORSA WIND;1996;Passageiro;Ileso;NA;Feminino;1;0;0;0;-29,971916;-51,176838;SPRF-RS;DEL01-RS;UOP01-DEL01-RS
609282;1362775;45465;sábado;0,65625;RS;290;92;PORTO ALEGRE;Sim;Manobra de mudança de faixa;1;Colisão transversal;Sem Vítimas;Pleno dia;Decrescente;Céu Claro;Dupla;Retorno Regulamentado;Sim;1089872;Automóvel;GM/CORSA WIND;1996;Passageiro;Ileso;40;Feminino;1;0;0;0;-29,971916;-51,176838;SPRF-RS;DEL01-RS;UOP01-DEL01-RS
609282;1362779;45465;sábado;0,65625;RS;290;92;PORTO ALEGRE;Sim;Manobra de mudança de faixa;1;Colisão transversal;Sem Vítimas;Pleno dia;Decrescente;Céu Claro;Dupla;Retorno Regulamentado;Sim;1089872;Automóvel;GM/CORSA WIND;1996;Passageiro;Ileso;NA;Masculino;1;0;0;0;-29,971916;-51,176838;SPRF-RS;DEL01-RS;UOP01-DEL01-RS
609282;1360812;45465;sábado;0,65625;RS;290;92;PORTO ALEGRE;Sim;Manobra de mudança de faixa;1;Colisão transversal;Sem Vítimas;Pleno dia;Decrescente;Céu Claro;Dupla;Retorno Regulamentado;Sim;1089872;Automóvel;GM/CORSA WIND;1996;Condutor;Ileso;23;Masculino;1;0;0;0;-29,971916;-51,176838;SPRF-RS;DEL01-RS;UOP01-DEL01-RS
609282;1362783;45465;sábado;0,65625;RS;290;92;PORTO ALEGRE;Sim;Manobra de mudança de faixa;1;Colisão transversal;Sem Vítimas;Pleno dia;Decrescente;Céu Claro;Dupla;Retorno Regulamentado;Sim;1089873;Automóvel;FIAT/UNO VIVACE 1.0;2011;Passageiro;Ileso;84;Feminino;1;0;0;0;-29,971916;-51,176838;SPRF-RS;DEL01-RS;UOP01-DEL01-RS
609282;1360813;45465;sábado;0,65625;RS;290;92;PORTO ALEGRE;Sim;Manobra de mudança de faixa;1;Colisão transversal;Sem Vítimas;Pleno dia;Decrescente;Céu Claro;Dupla;Retorno Regulamentado;Sim;1089873;Automóvel;FIAT/UNO VIVACE 1.0;2011;Condutor;Ileso;61;Feminino;1;0;0;0;-29,971916;-51,176838;SPRF-RS;DEL01-RS;UOP01-DEL01-RS
609368;1360990;45466;domingo;0,189583333;RS;290;88;PORTO ALEGRE;Não;Ingestão de álcool pelo condutor;1;Saída de leito carroçável;Sem Vítimas;Plena Noite;Decrescente;Chuva;Múltipla;Reta;Não;1090002;Automóvel;RENAULT/CLIO AUT 10 16VH;2003;Condutor;Ileso;48;Masculino;1;0;0;0;-29,967531;-51,137264;SPRF-RS;DEL01-RS;UOP01-DEL01-RS
609368;1360990;45466;domingo;0,189583333;RS;290;88;PORTO ALEGRE;Não;Condutor Dormindo;1;Saída de leito carroçável;Sem Vítimas;Plena Noite;Decrescente;Chuva;Múltipla;Reta;Não;1090002;Automóvel;RENAULT/CLIO AUT 10 16VH;2003;Condutor;Ileso;48;Masculino;1;0;0;0;-29,967531;-51,137264;SPRF-RS;DEL01-RS;UOP01-DEL01-RS
609368;1360990;45466;domingo;0,189583333;RS;290;88;PORTO ALEGRE;Não;Chuva;1;Saída de leito carroçável;Sem Vítimas;Plena Noite;Decrescente;Chuva;Múltipla;Reta;Não;1090002;Automóvel;RENAULT/CLIO AUT 10 16VH;2003;Condutor;Ileso;48;Masculino;1;0;0;0;-29,967531;-51,137264;SPRF-RS;DEL01-RS;UOP01-DEL01-RS
609368;1360990;45466;domingo;0,189583333;RS;290;88;PORTO ALEGRE;Sim;Ausência de reação do condutor;1;Saída de leito carroçável;Sem Vítimas;Plena Noite;Decrescente;Chuva;Múltipla;Reta;Não;1090002;Automóvel;RENAULT/CLIO AUT 10 16VH;2003;Condutor;Ileso;48;Masculino;1;0;0;0;-29,967531;-51,137264;SPRF-RS;DEL01-RS;UOP01-DEL01-RS
610180;1362930;45469;quarta-feira;0,586805556;RS;290;88;PORTO ALEGRE;Sim;Condutor deixou de manter distância do veículo da frente;1;Colisão traseira;Sem Vítimas;Pleno dia;Decrescente;Garoa/Chuvisco;Múltipla;Reta;Não;1091554;Caminhonete;VW/SAVEIRO CS RB MPI;2022;Condutor;Ileso;34;Masculino;1;0;0;0;-29,967531;-51,137264;SPRF-RS;DEL01-RS;UOP01-DEL01-RS
610180;1362929;45469;quarta-feira;0,586805556;RS;290;88;PORTO ALEGRE;Sim;Condutor deixou de manter distância do veículo da frente;1;Colisão traseira;Sem Vítimas;Pleno dia;Decrescente;Garoa/Chuvisco;Múltipla;Reta;Não;1091553;Caminhão;I/M.BENZ CDI SPR TCA AMB;2019;Condutor;Ileso;57;Masculino;1;0;0;0;-29,967531;-51,137264;SPRF-RS;DEL01-RS;UOP01-DEL01-RS
610299;NA;45470;quinta-feira;0,277777778;RS;290;2;PORTO ALEGRE;Sim;Reação tardia ou ineficiente do condutor;1;Colisão lateral mesmo sentido;Com Vítimas Feridas;Amanhecer;Decrescente;Nublado;Dupla;"Aclive;Curva";Não;1091803;Semireboque;SR/LIBRELATO CRBAENI2 3E;2022;NA;NA;NA;NA;NA;NA;NA;NA;-29,9904748;-51,22581482;SPRF-RS;DEL03-RS;UOP01-DEL03-RS
610299;1363725;45470;quinta-feira;0,277777778;RS;290;2;PORTO ALEGRE;Sim;Reação tardia ou ineficiente do condutor;1;Colisão lateral mesmo sentido;Com Vítimas Feridas;Amanhecer;Decrescente;Nublado;Dupla;"Aclive;Curva";Não;1091802;Caminhão-trator;VOLVO/FH 460 6X2T;2015;Condutor;Ileso;38;Masculino;1;0;0;0;-29,9904748;-51,22581482;SPRF-RS;DEL03-RS;UOP01-DEL03-RS
610299;1363726;45470;quinta-feira;0,277777778;RS;290;2;PORTO ALEGRE;Sim;Reação tardia ou ineficiente do condutor;1;Colisão lateral mesmo sentido;Com Vítimas Feridas;Amanhecer;Decrescente;Nublado;Dupla;"Aclive;Curva";Não;1091805;Automóvel;FIAT/UNO ATTRACTIVE 1.0;2019;Condutor;Lesões Leves;55;Masculino;0;1;0;0;-29,9904748;-51,22581482;SPRF-RS;DEL03-RS;UOP01-DEL03-RS
610299;NA;45470;quinta-feira;0,277777778;RS;290;2;PORTO ALEGRE;Sim;Reação tardia ou ineficiente do condutor;2;Colisão com objeto;Com Vítimas Feridas;Amanhecer;Decrescente;Nublado;Dupla;"Aclive;Curva";Não;1091803;Semireboque;SR/LIBRELATO CRBAENI2 3E;2022;NA;NA;NA;NA;NA;NA;NA;NA;-29,9904748;-51,22581482;SPRF-RS;DEL03-RS;UOP01-DEL03-RS
610299;1363725;45470;quinta-feira;0,277777778;RS;290;2;PORTO ALEGRE;Sim;Reação tardia ou ineficiente do condutor;2;Colisão com objeto;Com Vítimas Feridas;Amanhecer;Decrescente;Nublado;Dupla;"Aclive;Curva";Não;1091802;Caminhão-trator;VOLVO/FH 460 6X2T;2015;Condutor;Ileso;38;Masculino;1;0;0;0;-29,9904748;-51,22581482;SPRF-RS;DEL03-RS;UOP01-DEL03-RS
610299;1363726;45470;quinta-feira;0,277777778;RS;290;2;PORTO ALEGRE;Sim;Reação tardia ou ineficiente do condutor;2;Colisão com objeto;Com Vítimas Feridas;Amanhecer;Decrescente;Nublado;Dupla;"Aclive;Curva";Não;1091805;Automóvel;FIAT/UNO ATTRACTIVE 1.0;2019;Condutor;Lesões Leves;55;Masculino;0;1;0;0;-29,9904748;-51,22581482;SPRF-RS;DEL03-RS;UOP01-DEL03-RS
610305;1363229;45470;quinta-feira;0,319444444;RS;290;100;PORTO ALEGRE;Sim;Condutor deixou de manter distância do veículo da frente;2;Queda de ocupante de veículo;Com Vítimas Feridas;Pleno dia;Decrescente;Céu Claro;Múltipla;"Reta;Ponte";Não;1091820;Automóvel;I/CITROEN C4PIC EXC A 7L;2008;Condutor;Ileso;44;Masculino;1;0;0;0;-29,988646;-51,236553;SPRF-RS;DEL01-RS;UOP01-DEL01-RS
610305;1363228;45470;quinta-feira;0,319444444;RS;290;100;PORTO ALEGRE;Sim;Condutor deixou de manter distância do veículo da frente;2;Queda de ocupante de veículo;Com Vítimas Feridas;Pleno dia;Decrescente;Céu Claro;Múltipla;"Reta;Ponte";Não;1091817;Motocicleta;HONDA/CG 125 FAN;2007;Condutor;Lesões Leves;20;Masculino;0;1;0;0;-29,988646;-51,236553;SPRF-RS;DEL01-RS;UOP01-DEL01-RS
610305;1363229;45470;quinta-feira;0,319444444;RS;290;100;PORTO ALEGRE;Sim;Condutor deixou de manter distância do veículo da frente;1;Colisão traseira;Com Vítimas Feridas;Pleno dia;Decrescente;Céu Claro;Múltipla;"Reta;Ponte";Não;1091820;Automóvel;I/CITROEN C4PIC EXC A 7L;2008;Condutor;Ileso;44;Masculino;1;0;0;0;-29,988646;-51,236553;SPRF-RS;DEL01-RS;UOP01-DEL01-RS
610305;1363228;45470;quinta-feira;0,319444444;RS;290;100;PORTO ALEGRE;Sim;Condutor deixou de manter distância do veículo da frente;1;Colisão traseira;Com Vítimas Feridas;Pleno dia;Decrescente;Céu Claro;Múltipla;"Reta;Ponte";Não;1091817;Motocicleta;HONDA/CG 125 FAN;2007;Condutor;Lesões Leves;20;Masculino;0;1;0;0;-29,988646;-51,236553;SPRF-RS;DEL01-RS;UOP01-DEL01-RS
611632;1366532;45476;quarta-feira;0,243055556;RS;290;85,6;PORTO ALEGRE;Sim;Velocidade Incompatível;2;Colisão com objeto;Sem Vítimas;Plena Noite;Decrescente;Ignorado;Simples;Curva;Sim;1094433;Automóvel;FORD/KA SE 1.5 SD C;2019;Condutor;Não Informado;NA;Não Informado;0;0;0;0;-29,967936;-51,106873;SPRF-RS;DEL01-RS;UOP01-DEL01-RS
611632;1366536;45476;quarta-feira;0,243055556;RS;290;85,6;PORTO ALEGRE;Sim;Velocidade Incompatível;2;Colisão com objeto;Sem Vítimas;Plena Noite;Decrescente;Ignorado;Simples;Curva;Sim;NA;NA;NA/NA;NA;Testemunha;Não Informado;NA;Não Informado;0;0;0;0;-29,967936;-51,106873;SPRF-RS;DEL01-RS;UOP01-DEL01-RS
611632;1366532;45476;quarta-feira;0,243055556;RS;290;85,6;PORTO ALEGRE;Sim;Velocidade Incompatível;1;Saída de leito carroçável;Sem Vítimas;Plena Noite;Decrescente;Ignorado;Simples;Curva;Sim;1094433;Automóvel;FORD/KA SE 1.5 SD C;2019;Condutor;Não Informado;NA;Não Informado;0;0;0;0;-29,967936;-51,106873;SPRF-RS;DEL01-RS;UOP01-DEL01-RS
611632;1366536;45476;quarta-feira;0,243055556;RS;290;85,6;PORTO ALEGRE;Sim;Velocidade Incompatível;1;Saída de leito carroçável;Sem Vítimas;Plena Noite;Decrescente;Ignorado;Simples;Curva;Sim;NA;NA;NA/NA;NA;Testemunha;Não Informado;NA;Não Informado;0;0;0;0;-29,967936;-51,106873;SPRF-RS;DEL01-RS;UOP01-DEL01-RS
611648;1366714;45476;quarta-feira;0,3125;RS;290;101;PORTO ALEGRE;Não;Condutor deixou de manter distância do veículo da frente;1;Colisão traseira;Com Vítimas Feridas;Pleno dia;Decrescente;Céu Claro;Dupla;Reta;Não;1094603;Automóvel;FIAT/PALIO FIRE FLEX;2007;Passageiro;Ileso;39;Feminino;1;0;0;0;-29,985779;-51,246201;SPRF-RS;DEL01-RS;UOP01-DEL01-RS
611648;1366713;45476;quarta-feira;0,3125;RS;290;101;PORTO ALEGRE;Não;Condutor deixou de manter distância do veículo da frente;1;Colisão traseira;Com Vítimas Feridas;Pleno dia;Decrescente;Céu Claro;Dupla;Reta;Não;1094603;Automóvel;FIAT/PALIO FIRE FLEX;2007;Condutor;Ileso;41;Masculino;1;0;0;0;-29,985779;-51,246201;SPRF-RS;DEL01-RS;UOP01-DEL01-RS
611648;1366704;45476;quarta-feira;0,3125;RS;290;101;PORTO ALEGRE;Não;Condutor deixou de manter distância do veículo da frente;1;Colisão traseira;Com Vítimas Feridas;Pleno dia;Decrescente;Céu Claro;Dupla;Reta;Não;1094602;Motocicleta;HONDA/CG 160 START;2022;Condutor;Lesões Leves;22;Masculino;0;1;0;0;-29,985779;-51,246201;SPRF-RS;DEL01-RS;UOP01-DEL01-RS
611648;1366714;45476;quarta-feira;0,3125;RS;290;101;PORTO ALEGRE;Sim;Trafegar com motocicleta (ou similar) entre as faixas;1;Colisão traseira;Com Vítimas Feridas;Pleno dia;Decrescente;Céu Claro;Dupla;Reta;Não;1094603;Automóvel;FIAT/PALIO FIRE FLEX;2007;Passageiro;Ileso;39;Feminino;1;0;0;0;-29,985779;-51,246201;SPRF-RS;DEL01-RS;UOP01-DEL01-RS
611648;1366713;45476;quarta-feira;0,3125;RS;290;101;PORTO ALEGRE;Sim;Trafegar com motocicleta (ou similar) entre as faixas;1;Colisão traseira;Com Vítimas Feridas;Pleno dia;Decrescente;Céu Claro;Dupla;Reta;Não;1094603;Automóvel;FIAT/PALIO FIRE FLEX;2007;Condutor;Ileso;41;Masculino;1;0;0;0;-29,985779;-51,246201;SPRF-RS;DEL01-RS;UOP01-DEL01-RS
611648;1366704;45476;quarta-feira;0,3125;RS;290;101;PORTO ALEGRE;Sim;Trafegar com motocicleta (ou similar) entre as faixas;1;Colisão traseira;Com Vítimas Feridas;Pleno dia;Decrescente;Céu Claro;Dupla;Reta;Não;1094602;Motocicleta;HONDA/CG 160 START;2022;Condutor;Lesões Leves;22;Masculino;0;1;0;0;-29,985779;-51,246201;SPRF-RS;DEL01-RS;UOP01-DEL01-RS
611648;1366714;45476;quarta-feira;0,3125;RS;290;101;PORTO ALEGRE;Não;Manobra de mudança de faixa;1;Colisão traseira;Com Vítimas Feridas;Pleno dia;Decrescente;Céu Claro;Dupla;Reta;Não;1094603;Automóvel;FIAT/PALIO FIRE FLEX;2007;Passageiro;Ileso;39;Feminino;1;0;0;0;-29,985779;-51,246201;SPRF-RS;DEL01-RS;UOP01-DEL01-RS
611648;1366713;45476;quarta-feira;0,3125;RS;290;101;PORTO ALEGRE;Não;Manobra de mudança de faixa;1;Colisão traseira;Com Vítimas Feridas;Pleno dia;Decrescente;Céu Claro;Dupla;Reta;Não;1094603;Automóvel;FIAT/PALIO FIRE FLEX;2007;Condutor;Ileso;41;Masculino;1;0;0;0;-29,985779;-51,246201;SPRF-RS;DEL01-RS;UOP01-DEL01-RS
611648;1366704;45476;quarta-feira;0,3125;RS;290;101;PORTO ALEGRE;Não;Manobra de mudança de faixa;1;Colisão traseira;Com Vítimas Feridas;Pleno dia;Decrescente;Céu Claro;Dupla;Reta;Não;1094602;Motocicleta;HONDA/CG 160 START;2022;Condutor;Lesões Leves;22;Masculino;0;1;0;0;-29,985779;-51,246201;SPRF-RS;DEL01-RS;UOP01-DEL01-RS
611892;1367175;45477;quinta-feira;0,319444444;RS;290;90;PORTO ALEGRE;Sim;Reação tardia ou ineficiente do condutor;1;Colisão lateral mesmo sentido;Sem Vítimas;Pleno dia;Crescente;Nublado;Dupla;Reta;Não;1094989;Caminhão-trator;VW/28.460 METEOR 6X2;2022;Condutor;Ileso;38;Masculino;1;0;0;0;-29,968319;-51,157398;SPRF-RS;DEL01-RS;UOP01-DEL01-RS
611892;NA;45477;quinta-feira;0,319444444;RS;290;90;PORTO ALEGRE;Sim;Reação tardia ou ineficiente do condutor;1;Colisão lateral mesmo sentido;Sem Vítimas;Pleno dia;Crescente;Nublado;Dupla;Reta;Não;1094997;Semireboque;SR/METANOX TQ AP PP 4E;2022;NA;NA;NA;NA;NA;NA;NA;NA;-29,968319;-51,157398;SPRF-RS;DEL01-RS;UOP01-DEL01-RS
611892;1367179;45477;quinta-feira;0,319444444;RS;290;90;PORTO ALEGRE;Sim;Reação tardia ou ineficiente do condutor;1;Colisão lateral mesmo sentido;Sem Vítimas;Pleno dia;Crescente;Nublado;Dupla;Reta;Não;1094987;Utilitário;CHEV/TRAILBLAZER LT D4A;2022;Passageiro;Ileso;40;Masculino;1;0;0;0;-29,968319;-51,157398;SPRF-RS;DEL01-RS;UOP01-DEL01-RS