id;pesid;data_inversa;dia_semana;horario;uf;br;km;municipio;causa_principal;causa_acidente;ordem_tipo_acidente;tipo_acidente;classificacao_acidente;fase_dia;sentido_via;condicao_metereologica;tipo_pista;tracado_via;uso_solo;id_veiculo;tipo_veiculo;marca;ano_fabricacao_veiculo;tipo_envolvido;estado_fisico;idade;sexo;ilesos;feridos_leves;feridos_graves;mortos;latitude;longitude;regional;delegacia;uop
614164;1372739;45486;sábado;0,569444444;RS;290;85,7;PORTO ALEGRE;Sim;Manobra de mudança de faixa;2;Queda de ocupante de veículo;Com Vítimas Feridas;Pleno dia;Crescente;Nublado;Dupla;Viaduto;Não;1099367;Caminhão;Não Informado/Não Informado;0;Condutor;Não Informado;NA;Não Informado;0;0;0;0;-29,967936;-51,106873;SPRF-RS;DEL01-RS;UOP01-DEL01-RS
614164;1372681;45486;sábado;0,569444444;RS;290;85,7;PORTO ALEGRE;Sim;Manobra de mudança de faixa;2;Queda de ocupante de veículo;Com Vítimas Feridas;Pleno dia;Crescente;Nublado;Dupla;Viaduto;Não;1099325;Motocicleta;HONDA/CG 160 FAN;2024;Condutor;Lesões Leves;18;Masculino;0;1;0;0;-29,967936;-51,106873;SPRF-RS;DEL01-RS;UOP01-DEL01-RS
614164;1372739;45486;sábado;0,569444444;RS;290;85,7;PORTO ALEGRE;Não;Pista esburacada;2;Queda de ocupante de veículo;Com Vítimas Feridas;Pleno dia;Crescente;Nublado;Dupla;Viaduto;Não;1099367;Caminhão;Não Informado/Não Informado;0;Condutor;Não Informado;NA;Não Informado;0;0;0;0;-29,967936;-51,106873;SPRF-RS;DEL01-RS;UOP01-DEL01-RS
614164;1372681;45486;sábado;0,569444444;RS;290;85,7;PORTO ALEGRE;Não;Pista esburacada;2;Queda de ocupante de veículo;Com Vítimas Feridas;Pleno dia;Crescente;Nublado;Dupla;Viaduto;Não;1099325;Motocicleta;HONDA/CG 160 FAN;2024;Condutor;Lesões Leves;18;Masculino;0;1;0;0;-29,967936;-51,106873;SPRF-RS;DEL01-RS;UOP01-DEL01-RS
614164;1372739;45486;sábado;0,569444444;RS;290;85,7;PORTO ALEGRE;Sim;Manobra de mudança de faixa;1;Colisão traseira;Com Vítimas Feridas;Pleno dia;Crescente;Nublado;Dupla;Viaduto;Não;1099367;Caminhão;Não Informado/Não Informado;0;Condutor;Não Informado;NA;Não Informado;0;0;0;0;-29,967936;-51,106873;SPRF-RS;DEL01-RS;UOP01-DEL01-RS
614164;1372681;45486;sábado;0,569444444;RS;290;85,7;PORTO ALEGRE;Sim;Manobra de mudança de faixa;1;Colisão traseira;Com Vítimas Feridas;Pleno dia;Crescente;Nublado;Dupla;Viaduto;Não;1099325;Motocicleta;HONDA/CG 160 FAN;2024;Condutor;Lesões Leves;18;Masculino;0;1;0;0;-29,967936;-51,106873;SPRF-RS;DEL01-RS;UOP01-DEL01-RS
614164;1372739;45486;sábado;0,569444444;RS;290;85,7;PORTO ALEGRE;Não;Pista esburacada;1;Colisão traseira;Com Vítimas Feridas;Pleno dia;Crescente;Nublado;Dupla;Viaduto;Não;1099367;Caminhão;Não Informado/Não Informado;0;Condutor;Não Informado;NA;Não Informado;0;0;0;0;-29,967936;-51,106873;SPRF-RS;DEL01-RS;UOP01-DEL01-RS
614164;1372681;45486;sábado;0,569444444;RS;290;85,7;PORTO ALEGRE;Não;Pista esburacada;1;Colisão traseira;Com Vítimas Feridas;Pleno dia;Crescente;Nublado;Dupla;Viaduto;Não;1099325;Motocicleta;HONDA/CG 160 FAN;2024;Condutor;Lesões Leves;18;Masculino;0;1;0;0;-29,967936;-51,106873;SPRF-RS;DEL01-RS;UOP01-DEL01-RS
614489;1373529;45487;domingo;0,885416667;RS;290;92;PORTO ALEGRE;Sim;Ingestão de álcool pelo condutor;2;Capotamento;Sem Vítimas;Plena Noite;Decrescente;Nublado;Múltipla;Reta;Sim;1099924;Automóvel;NISSAN/VERSA 16 SV;2018;Condutor;Ileso;28;Masculino;1;0;0;0;-29,969055;-51,167439;SPRF-RS;DEL01-RS;UOP01-DEL01-RS
614489;1373531;45487;domingo;0,885416667;RS;290;92;PORTO ALEGRE;Sim;Ingestão de álcool pelo condutor;2;Capotamento;Sem Vítimas;Plena Noite;Decrescente;Nublado;Múltipla;Reta;Sim;1099925;Automóvel;NISSAN/KICKS S DRCT CVT;2019;Passageiro;Ileso;43;Feminino;1;0;0;0;-29,969055;-51,167439;SPRF-RS;DEL01-RS;UOP01-DEL01-RS
614489;1373530;45487;domingo;0,885416667;RS;290;92;PORTO ALEGRE;Sim;Ingestão de álcool pelo condutor;2;Capotamento;Sem Vítimas;Plena Noite;Decrescente;Nublado;Múltipla;Reta;Sim;1099925;Automóvel;NISSAN/KICKS S DRCT CVT;2019;Condutor;Ileso;40;Masculino;1;0;0;0;-29,969055;-51,167439;SPRF-RS;DEL01-RS;UOP01-DEL01-RS
614489;1373529;45487;domingo;0,885416667;RS;290;92;PORTO ALEGRE;Sim;Ingestão de álcool pelo condutor;1;Colisão traseira;Sem Vítimas;Plena Noite;Decrescente;Nublado;Múltipla;Reta;Sim;1099924;Automóvel;NISSAN/VERSA 16 SV;2018;Condutor;Ileso;28;Masculino;1;0;0;0;-29,969055;-51,167439;SPRF-RS;DEL01-RS;UOP01-DEL01-RS
614489;1373531;45487;domingo;0,885416667;RS;290;92;PORTO ALEGRE;Sim;Ingestão de álcool pelo condutor;1;Colisão traseira;Sem Vítimas;Plena Noite;Decrescente;Nublado;Múltipla;Reta;Sim;1099925;Automóvel;NISSAN/KICKS S DRCT CVT;2019;Passageiro;Ileso;43;Feminino;1;0;0;0;-29,969055;-51,167439;SPRF-RS;DEL01-RS;UOP01-DEL01-RS
614489;1373530;45487;domingo;0,885416667;RS;290;92;PORTO ALEGRE;Sim;Ingestão de álcool pelo condutor;1;Colisão traseira;Sem Vítimas;Plena Noite;Decrescente;Nublado;Múltipla;Reta;Sim;1099925;Automóvel;NISSAN/KICKS S DRCT CVT;2019;Condutor;Ileso;40;Masculino;1;0;0;0;-29,969055;-51,167439;SPRF-RS;DEL01-RS;UOP01-DEL01-RS
614569;1373774;45488;segunda-feira;0,35625;RS;448;20;PORTO ALEGRE;Sim;Ausência de reação do condutor;1;Colisão traseira;Com Vítimas Feridas;Pleno dia;Crescente;Céu Claro;Dupla;Reta;Sim;1100150;Automóvel;VW/GOL 1.0L MC4;2020;Condutor;Ileso;48;Masculino;1;0;0;0;-29,958729;-51,202465;SPRF-RS;DEL01-RS;UOP01-DEL01-RS
614569;1373775;45488;segunda-feira;0,35625;RS;448;20;PORTO ALEGRE;Sim;Ausência de reação do condutor;1;Colisão traseira;Com Vítimas Feridas;Pleno dia;Crescente;Céu Claro;Dupla;Reta;Sim;1100150;Automóvel;VW/GOL 1.0L MC4;2020;Passageiro;Lesões Leves;45;Feminino;0;1;0;0;-29,958729;-51,202465;SPRF-RS;DEL01-RS;UOP01-DEL01-RS
614569;1373777;45488;segunda-feira;0,35625;RS;448;20;PORTO ALEGRE;Sim;Ausência de reação do condutor;1;Colisão traseira;Com Vítimas Feridas;Pleno dia;Crescente;Céu Claro;Dupla;Reta;Sim;1100151;Caminhonete;FIAT/STRADA ENDURANCE CS;2022;Condutor;Ileso;30;Masculino;1;0;0;0;-29,958729;-51,202465;SPRF-RS;DEL01-RS;UOP01-DEL01-RS
614569;1373778;45488;segunda-feira;0,35625;RS;448;20;PORTO ALEGRE;Sim;Ausência de reação do condutor;1;Colisão traseira;Com Vítimas Feridas;Pleno dia;Crescente;Céu Claro;Dupla;Reta;Sim;1100152;Automóvel;CHEV/TRACKER 12T A PR;2023;Condutor;Ileso;39;Masculino;1;0;0;0;-29,958729;-51,202465;SPRF-RS;DEL01-RS;UOP01-DEL01-RS
614569;1373732;45488;segunda-feira;0,35625;RS;448;20;PORTO ALEGRE;Sim;Ausência de reação do condutor;1;Colisão traseira;Com Vítimas Feridas;Pleno dia;Crescente;Céu Claro;Dupla;Reta;Sim;1100118;Automóvel;FORD/KA SE 1.0 HA B;2016;Condutor;Ileso;33;Masculino;1;0;0;0;-29,958729;-51,202465;SPRF-RS;DEL01-RS;UOP01-DEL01-RS
614668;1373955;45488;segunda-feira;0,694444444;RS;290;85,8;PORTO ALEGRE;Sim;Demais falhas mecânicas ou elétricas;1;Tombamento;Com Vítimas Feridas;Pleno dia;Decrescente;Nublado;Múltipla;Reta;Não;1100290;Motoneta;HONDA/BIZ 125 ES;2008;Condutor;Lesões Leves;28;Feminino;0;1;0;0;-29,968733;-51,113945;SPRF-RS;DEL01-RS;UOP01-DEL01-RS
614668;1373956;45488;segunda-feira;0,694444444;RS;290;85,8;PORTO ALEGRE;Sim;Demais falhas mecânicas ou elétricas;1;Tombamento;Com Vítimas Feridas;Pleno dia;Decrescente;Nublado;Múltipla;Reta;Não;1100290;Motoneta;HONDA/BIZ 125 ES;2008;Passageiro;Lesões Leves;23;Feminino;0;1;0;0;-29,968733;-51,113945;SPRF-RS;DEL01-RS;UOP01-DEL01-RS
614811;1374706;45489;terça-feira;0,465277778;RS;290;94,8;PORTO ALEGRE;Sim;Condutor deixou de manter distância do veículo da frente;1;Colisão traseira;Com Vítimas Feridas;Pleno dia;Crescente;Céu Claro;Múltipla;Reta;Sim;1100877;Ônibus;VOLVO/BUSSCAR VIS BUSS R;2008;Condutor;Ileso;55;Feminino;1;0;0;0;-29,982832;-51,201572;SPRF-RS;DEL01-RS;UOP01-DEL01-RS
614811;1374724;45489;terça-feira;0,465277778;RS;290;94,8;PORTO ALEGRE;Sim;Condutor deixou de manter distância do veículo da frente;1;Colisão traseira;Com Vítimas Feridas;Pleno dia;Crescente;Céu Claro;Múltipla;Reta;Sim;1100876;Ônibus;MBENZ/MPOLO PARADISO R;2013;Passageiro;Lesões Leves;61;Masculino;0;1;0;0;-29,982832;-51,201572;SPRF-RS;DEL01-RS;UOP01-DEL01-RS
614811;1374723;45489;terça-feira;0,465277778;RS;290;94,8;PORTO ALEGRE;Sim;Condutor deixou de manter distância do veículo da frente;1;Colisão traseira;Com Vítimas Feridas;Pleno dia;Crescente;Céu Claro;Múltipla;Reta;Sim;1100876;Ônibus;MBENZ/MPOLO PARADISO R;2013;Passageiro;Lesões Leves;33;Masculino;0;1;0;0;-29,982832;-51,201572;SPRF-RS;DEL01-RS;UOP01-DEL01-RS
614811;1374722;45489;terça-feira;0,465277778;RS;290;94,8;PORTO ALEGRE;Sim;Condutor deixou de manter distância do veículo da frente;1;Colisão traseira;Com Vítimas Feridas;Pleno dia;Crescente;Céu Claro;Múltipla;Reta;Sim;1100876;Ônibus;MBENZ/MPOLO PARADISO R;2013;Passageiro;Lesões Leves;43;Masculino;0;1;0;0;-29,982832;-51,201572;SPRF-RS;DEL01-RS;UOP01-DEL01-RS
614811;1374719;45489;terça-feira;0,465277778;RS;290;94,8;PORTO ALEGRE;Sim;Condutor deixou de manter distância do veículo da frente;1;Colisão traseira;Com Vítimas Feridas;Pleno dia;Crescente;Céu Claro;Múltipla;Reta;Sim;1100876;Ônibus;MBENZ/MPOLO PARADISO R;2013;Passageiro;Lesões Leves;68;Masculino;0;1;0;0;-29,982832;-51,201572;SPRF-RS;DEL01-RS;UOP01-DEL01-RS
614811;1374710;45489;terça-feira;0,465277778;RS;290;94,8;PORTO ALEGRE;Sim;Condutor deixou de manter distância do veículo da frente;1;Colisão traseira;Com Vítimas Feridas;Pleno dia;Crescente;Céu Claro;Múltipla;Reta;Sim;1100876;Ônibus;MBENZ/MPOLO PARADISO R;2013;Passageiro;Lesões Leves;50;Masculino;0;1;0;0;-29,982832;-51,201572;SPRF-RS;DEL01-RS;UOP01-DEL01-RS
614811;1374720;45489;terça-feira;0,465277778;RS;290;94,8;PORTO ALEGRE;Sim;Condutor deixou de manter distância do veículo da frente;1;Colisão traseira;Com Vítimas Feridas;Pleno dia;Crescente;Céu Claro;Múltipla;Reta;Sim;1100876;Ônibus;MBENZ/MPOLO PARADISO R;2013;Passageiro;Lesões Leves;37;Masculino;0;1;0;0;-29,982832;-51,201572;SPRF-RS;DEL01-RS;UOP01-DEL01-RS
614811;1374711;45489;terça-feira;0,465277778;RS;290;94,8;PORTO ALEGRE;Sim;Condutor deixou de manter distância do veículo da frente;1;Colisão traseira;Com Vítimas Feridas;Pleno dia;Crescente;Céu Claro;Múltipla;Reta;Sim;1100876;Ônibus;MBENZ/MPOLO PARADISO R;2013;Passageiro;Lesões Leves;64;Masculino;0;1;0;0;-29,982832;-51,201572;SPRF-RS;DEL01-RS;UOP01-DEL01-RS
614811;1374717;45489;terça-feira;0,465277778;RS;290;94,8;PORTO ALEGRE;Sim;Condutor deixou de manter distância do veículo da frente;1;Colisão traseira;Com Vítimas Feridas;Pleno dia;Crescente;Céu Claro;Múltipla;Reta;Sim;1100876;Ônibus;MBENZ/MPOLO PARADISO R;2013;Passageiro;Lesões Leves;76;Masculino;0;1;0;0;-29,982832;-51,201572;SPRF-RS;DEL01-RS;UOP01-DEL01-RS
614811;1374716;45489;terça-feira;0,465277778;RS;290;94,8;PORTO ALEGRE;Sim;Condutor deixou de manter distância do veículo da frente;1;Colisão traseira;Com Vítimas Feridas;Pleno dia;Crescente;Céu Claro;Múltipla;Reta;Sim;1100876;Ônibus;MBENZ/MPOLO PARADISO R;2013;Passageiro;Lesões Leves;47;Masculino;0;1;0;0;-29,982832;-51,201572;SPRF-RS;DEL01-RS;UOP01-DEL01-RS
614811;1374715;45489;terça-feira;0,465277778;RS;290;94,8;PORTO ALEGRE;Sim;Condutor deixou de manter distância do veículo da frente;1;Colisão traseira;Com Vítimas Feridas;Pleno dia;Crescente;Céu Claro;Múltipla;Reta;Sim;1100876;Ônibus;MBENZ/MPOLO PARADISO R;2013;Passageiro;Lesões Leves;43;Feminino;0;1;0;0;-29,982832;-51,201572;SPRF-RS;DEL01-RS;UOP01-DEL01-RS
614811;1374713;45489;terça-feira;0,465277778;RS;290;94,8;PORTO ALEGRE;Sim;Condutor deixou de manter distância do veículo da frente;1;Colisão traseira;Com Vítimas Feridas;Pleno dia;Crescente;Céu Claro;Múltipla;Reta;Sim;1100876;Ônibus;MBENZ/MPOLO PARADISO R;2013;Passageiro;Lesões Leves;39;Masculino;0;1;0;0;-29,982832;-51,201572;SPRF-RS;DEL01-RS;UOP01-DEL01-RS
614811;1374721;45489;terça-feira;0,465277778;RS;290;94,8;PORTO ALEGRE;Sim;Condutor deixou de manter distância do veículo da frente;1;Colisão traseira;Com Vítimas Feridas;Pleno dia;Crescente;Céu Claro;Múltipla;Reta;Sim;1100876;Ônibus;MBENZ/MPOLO PARADISO R;2013;Passageiro;Lesões Leves;19;Masculino;0;1;0;0;-29,982832;-51,201572;SPRF-RS;DEL01-RS;UOP01-DEL01-RS
614811;1374709;45489;terça-feira;0,465277778;RS;290;94,8;PORTO ALEGRE;Sim;Condutor deixou de manter distância do veículo da frente;1;Colisão traseira;Com Vítimas Feridas;Pleno dia;Crescente;Céu Claro;Múltipla;Reta;Sim;1100876;Ônibus;MBENZ/MPOLO PARADISO R;2013;Passageiro;Lesões Leves;43;Feminino;0;1;0;0;-29,982832;-51,201572;SPRF-RS;DEL01-RS;UOP01-DEL01-RS
614811;1374718;45489;terça-feira;0,465277778;RS;290;94,8;PORTO ALEGRE;Sim;Condutor deixou de manter distância do veículo da frente;1;Colisão traseira;Com Vítimas Feridas;Pleno dia;Crescente;Céu Claro;Múltipla;Reta;Sim;1100876;Ônibus;MBENZ/MPOLO PARADISO R;2013;Passageiro;Lesões Leves;55;Masculino;0;1;0;0;-29,982832;-51,201572;SPRF-RS;DEL01-RS;UOP01-DEL01-RS
614811;1374708;45489;terça-feira;0,465277778;RS;290;94,8;PORTO ALEGRE;Sim;Condutor deixou de manter distância do veículo da frente;1;Colisão traseira;Com Vítimas Feridas;Pleno dia;Crescente;Céu Claro;Múltipla;Reta;Sim;1100876;Ônibus;MBENZ/MPOLO PARADISO R;2013;Passageiro;Lesões Leves;54;Feminino;0;1;0;0;-29,982832;-51,201572;SPRF-RS;DEL01-RS;UOP01-DEL01-RS
614811;1374712;45489;terça-feira;0,465277778;RS;290;94,8;PORTO ALEGRE;Sim;Condutor deixou de manter distância do veículo da frente;1;Colisão traseira;Com Vítimas Feridas;Pleno dia;Crescente;Céu Claro;Múltipla;Reta;Sim;1100876;Ônibus;MBENZ/MPOLO PARADISO R;2013;Passageiro;Lesões Leves;70;Feminino;0;1;0;0;-29,982832;-51,201572;SPRF-RS;DEL01-RS;UOP01-DEL01-RS
614811;1374714;45489;terça-feira;0,465277778;RS;290;94,8;PORTO ALEGRE;Sim;Condutor deixou de manter distância do veículo da frente;1;Colisão traseira;Com Vítimas Feridas;Pleno dia;Crescente;Céu Claro;Múltipla;Reta;Sim;1100876;Ônibus;MBENZ/MPOLO PARADISO R;2013;Passageiro;Lesões Leves;56;Feminino;0;1;0;0;-29,982832;-51,201572;SPRF-RS;DEL01-RS;UOP01-DEL01-RS
614811;1374705;45489;terça-feira;0,465277778;RS;290;94,8;PORTO ALEGRE;Sim;Condutor deixou de manter distância do veículo da frente;1;Colisão traseira;Com Vítimas Feridas;Pleno dia;Crescente;Céu Claro;Múltipla;Reta;Sim;1100876;Ônibus;MBENZ/MPOLO PARADISO R;2013;Condutor;Lesões Graves;44;Masculino;0;0;1;0;-29,982832;-51,201572;SPRF-RS;DEL01-RS;UOP01-DEL01-RS
614811;1374707;45489;terça-feira;0,465277778;RS;290;94,8;PORTO ALEGRE;Sim;Condutor deixou de manter distância do veículo da frente;1;Colisão traseira;Com Vítimas Feridas;Pleno dia;Crescente;Céu Claro;Múltipla;Reta;Sim;1100878;Camioneta;I/CHEV EQUINOX 15T PRE;2022;Condutor;Ileso;73;Masculino;1;0;0;0;-29,982832;-51,201572;SPRF-RS;DEL01-RS;UOP01-DEL01-RS
615005;1374865;45490;quarta-feira;0,479166667;RS;290;88,3;PORTO ALEGRE;Não;Condutor deixou de manter distância do veículo da frente;3;Queda de ocupante de veículo;Com Vítimas Feridas;Pleno dia;Crescente;Sol;Múltipla;Reta;Sim;1100998;Motocicleta;HONDA/CG 160 CARGO;2021;Condutor;Lesões Leves;33;Masculino;0;1;0;0;-29,967531;-51,137264;SPRF-RS;DEL01-RS;UOP01-DEL01-RS
615005;1374866;45490;quarta-feira;0,479166667;RS;290;88,3;PORTO ALEGRE;Não;Condutor deixou de manter distância do veículo da frente;3;Queda de ocupante de veículo;Com Vítimas Feridas;Pleno dia;Crescente;Sol;Múltipla;Reta;Sim;1100999;Automóvel;Não Informado/Não Informado;0;Condutor;Não Informado;NA;Não Informado;0;0;0;0;-29,967531;-51,137264;SPRF-RS;DEL01-RS;UOP01-DEL01-RS
615005;1374865;45490;quarta-feira;0,479166667;RS;290;88,3;PORTO ALEGRE;Não;Condutor Dormindo;3;Queda de ocupante de veículo;Com Vítimas Feridas;Pleno dia;Crescente;Sol;Múltipla;Reta;Sim;1100998;Motocicleta;HONDA/CG 160 CARGO;2021;Condutor;Lesões Leves;33;Masculino;0;1;0;0;-29,967531;-51,137264;SPRF-RS;DEL01-RS;UOP01-DEL01-RS
615005;1374866;45490;quarta-feira;0,479166667;RS;290;88,3;PORTO ALEGRE;Não;Condutor Dormindo;3;Queda de ocupante de veículo;Com Vítimas Feridas;Pleno dia;Crescente;Sol;Múltipla;Reta;Sim;1100999;Automóvel;Não Informado/Não Informado;0;Condutor;Não Informado;NA;Não Informado;0;0;0;0;-29,967531;-51,137264;SPRF-RS;DEL01-RS;UOP01-DEL01-RS
615005;1374865;45490;quarta-feira;0,479166667;RS;290;88,3;PORTO ALEGRE;Sim;Ausência de reação do condutor;3;Queda de ocupante de veículo;Com Vítimas Feridas;Pleno dia;Crescente;Sol;Múltipla;Reta;Sim;1100998;Motocicleta;HONDA/CG 160 CARGO;2021;Condutor;Lesões Leves;33;Masculino;0;1;0;0;-29,967531;-51,137264;SPRF-RS;DEL01-RS;UOP01-DEL01-RS
615005;1374866;45490;quarta-feira;0,479166667;RS;290;88,3;PORTO ALEGRE;Sim;Ausência de reação do condutor;3;Queda de ocupante de veículo;Com Vítimas Feridas;Pleno dia;Crescente;Sol;Múltipla;Reta;Sim;1100999;Automóvel;Não Informado/Não Informado;0;Condutor;Não Informado;NA;Não Informado;0;0;0;0;-29,967531;-51,137264;SPRF-RS;DEL01-RS;UOP01-DEL01-RS
615005;1374865;45490;quarta-feira;0,479166667;RS;290;88,3;PORTO ALEGRE;Não;Condutor deixou de manter distância do veículo da frente;2;Tombamento;Com Vítimas Feridas;Pleno dia;Crescente;Sol;Múltipla;Reta;Sim;1100998;Motocicleta;HONDA/CG 160 CARGO;2021;Condutor;Lesões Leves;33;Masculino;0;1;0;0;-29,967531;-51,137264;SPRF-RS;DEL01-RS;UOP01-DEL01-RS
615005;1374866;45490;quarta-feira;0,479166667;RS;290;88,3;PORTO ALEGRE;Não;Condutor deixou de manter distância do veículo da frente;2;Tombamento;Com Vítimas Feridas;Pleno dia;Crescente;Sol;Múltipla;Reta;Sim;1100999;Automóvel;Não Informado/Não Informado;0;Condutor;Não Informado;NA;Não Informado;0;0;0;0;-29,967531;-51,137264;SPRF-RS;DEL01-RS;UOP01-DEL01-RS
615005;1374865;45490;quarta-feira;0,479166667;RS;290;88,3;PORTO ALEGRE;Não;Condutor Dormindo;2;Tombamento;Com Vítimas Feridas;Pleno dia;Crescente;Sol;Múltipla;Reta;Sim;1100998;Motocicleta;HONDA/CG 160 CARGO;2021;Condutor;Lesões Leves;33;Masculino;0;1;0;0;-29,967531;-51,137264;SPRF-RS;DEL01-RS;UOP01-DEL01-RS
615005;1374866;45490;quarta-feira;0,479166667;RS;290;88,3;PORTO ALEGRE;Não;Condutor Dormindo;2;Tombamento;Com Vítimas Feridas;Pleno dia;Crescente;Sol;Múltipla;Reta;Sim;1100999;Automóvel;Não Informado/Não Informado;0;Condutor;Não Informado;NA;Não Informado;0;0;0;0;-29,967531;-51,137264;SPRF-RS;DEL01-RS;UOP01-DEL01-RS
615005;1374865;45490;quarta-feira;0,479166667;RS;290;88,3;PORTO ALEGRE;Sim;Ausência de reação do condutor;2;Tombamento;Com Vítimas Feridas;Pleno dia;Crescente;Sol;Múltipla;Reta;Sim;1100998;Motocicleta;HONDA/CG 160 CARGO;2021;Condutor;Lesões Leves;33;Masculino;0;1;0;0;-29,967531;-51,137264;SPRF-RS;DEL01-RS;UOP01-DEL01-RS
615005;1374866;45490;quarta-feira;0,479166667;RS;290;88,3;PORTO ALEGRE;Sim;Ausência de reação do condutor;2;Tombamento;Com Vítimas Feridas;Pleno dia;Crescente;Sol;Múltipla;Reta;Sim;1100999;Automóvel;Não Informado/Não Informado;0;Condutor;Não Informado;NA;Não Informado;0;0;0;0;-29,967531;-51,137264;SPRF-RS;DEL01-RS;UOP01-DEL01-RS
615005;1374865;45490;quarta-feira;0,479166667;RS;290;88,3;PORTO ALEGRE;Não;Condutor deixou de manter distância do veículo da frente;1;Colisão traseira;Com Vítimas Feridas;Pleno dia;Crescente;Sol;Múltipla;Reta;Sim;1100998;Motocicleta;HONDA/CG 160 CARGO;2021;Condutor;Lesões Leves;33;Masculino;0;1;0;0;-29,967531;-51,137264;SPRF-RS;DEL01-RS;UOP01-DEL01-RS
615005;1374866;45490;quarta-feira;0,479166667;RS;290;88,3;PORTO ALEGRE;Não;Condutor deixou de manter distância do veículo da frente;1;Colisão traseira;Com Vítimas Feridas;Pleno dia;Crescente;Sol;Múltipla;Reta;Sim;1100999;Automóvel;Não Informado/Não Informado;0;Condutor;Não Informado;NA;Não Informado;0;0;0;0;-29,967531;-51,137264;SPRF-RS;DEL01-RS;UOP01-DEL01-RS
615005;1374865;45490;quarta-feira;0,479166667;RS;290;88,3;PORTO ALEGRE;Não;Condutor Dormindo;1;Colisão traseira;Com Vítimas Feridas;Pleno dia;Crescente;Sol;Múltipla;Reta;Sim;1100998;Motocicleta;HONDA/CG 160 CARGO;2021;Condutor;Lesões Leves;33;Masculino;0;1;0;0;-29,967531;-51,137264;SPRF-RS;DEL01-RS;UOP01-DEL01-RS
615005;1374866;45490;quarta-feira;0,479166667;RS;290;88,3;PORTO ALEGRE;Não;Condutor Dormindo;1;Colisão traseira;Com Vítimas Feridas;Pleno dia;Crescente;Sol;Múltipla;Reta;Sim;1100999;Automóvel;Não Informado/Não Informado;0;Condutor;Não Informado;NA;Não Informado;0;0;0;0;-29,967531;-51,137264;SPRF-RS;DEL01-RS;UOP01-DEL01-RS
615005;1374865;45490;quarta-feira;0,479166667;RS;290;88,3;PORTO ALEGRE;Sim;Ausência de reação do condutor;1;Colisão traseira;Com Vítimas Feridas;Pleno dia;Crescente;Sol;Múltipla;Reta;Sim;1100998;Motocicleta;HONDA/CG 160 CARGO;2021;Condutor;Lesões Leves;33;Masculino;0;1;0;0;-29,967531;-51,137264;SPRF-RS;DEL01-RS;UOP01-DEL01-RS
615005;1374866;45490;quarta-feira;0,479166667;RS;290;88,3;PORTO ALEGRE;Sim;Ausência de reação do condutor;1;Colisão traseira;Com Vítimas Feridas;Pleno dia;Crescente;Sol;Múltipla;Reta;Sim;1100999;Automóvel;Não Informado/Não Informado;0;Condutor;Não Informado;NA;Não Informado;0;0;0;0;-29,967531;-51,137264;SPRF-RS;DEL01-RS;UOP01-DEL01-RS
615100;1375103;45490;quarta-feira;0,847222222;RS;290;92;PORTO ALEGRE;Sim;Manobra de mudança de faixa;1;Colisão transversal;Sem Vítimas;Plena Noite;Crescente;Nublado;Múltipla;Reta;Sim;1101191;Automóvel;NISSAN/MARCH 10S;2015;Passageiro;Ileso;2;Feminino;1;0;0;0;-29,97016248;-51,18228369;SPRF-RS;DEL01-RS;UOP01-DEL01-RS
615100;1375095;45490;quarta-feira;0,847222222;RS;290;92;PORTO ALEGRE;Sim;Manobra de mudança de faixa;1;Colisão transversal;Sem Vítimas;Plena Noite;Crescente;Nublado;Múltipla;Reta;Sim;1101191;Automóvel;NISSAN/MARCH 10S;2015;Condutor;Ileso;36;Feminino;1;0;0;0;-29,97016248;-51,18228369;SPRF-RS;DEL01-RS;UOP01-DEL01-RS
615100;1375101;45490;quarta-feira;0,847222222;RS;290;92;PORTO ALEGRE;Sim;Manobra de mudança de faixa;1;Colisão transversal;Sem Vítimas;Plena Noite;Crescente;Nublado;Múltipla;Reta;Sim;1101191;Automóvel;NISSAN/MARCH 10S;2015;Passageiro;Ileso;16;Feminino;1;0;0;0;-29,97016248;-51,18228369;SPRF-RS;DEL01-RS;UOP01-DEL01-RS
615100;1375098;45490;quarta-feira;0,847222222;RS;290;92;PORTO ALEGRE;Sim;Manobra de mudança de faixa;1;Colisão transversal;Sem Vítimas;Plena Noite;Crescente;Nublado;Múltipla;Reta;Sim;1101192;Automóvel;VW/FOX 1.6 ROUTE;2007;Condutor;Ileso;38;Masculino;1;0;0;0;-29,97016248;-51,18228369;SPRF-RS;DEL01-RS;UOP01-DEL01-RS
615174;1375318;45491;quinta-feira;0,330555556;RS;290;97;PORTO ALEGRE;Sim;Condutor deixou de manter distância do veículo da frente;3;Queda de ocupante de veículo;Com Vítimas Feridas;Pleno dia;Decrescente;Nevoeiro/Neblina;Dupla;Reta;Não;1101404;Motocicleta;YAMAHA/YBR 125ED;2005;Condutor;Lesões Graves;26;Feminino;0;0;1;0;-29,997789;-51,20779;SPRF-RS;DEL01-RS;UOP01-DEL01-RS